insert into Motorista values (123456,'Cirino da Silva','10/05/1991','01/02/2016','Rua Manoel Fonseca','A','A');
 insert into Motorista values (123457,'Romão da Motta','10/05/1977','01/02/1995','Rua 7 de setembro','A','A');
 insert into Motorista values (123458,'Mariano Siqueira','10/05/1981','01/02/2000','Rua 15 de novembro','C','A');
 insert into Motorista values (123459,'José Gustavo Almeida','10/05/1975','01/02/2016','Rua 15 de agosto','C','A');
 insert into Motorista  values (123450,'Fabiana Platina','10/05/1988','01/02/2004','Rua9 de julho','C','A');
 insert into Motorista  values (123451,'Jair Rodrigues','10/05/1988','01/02/2004','Rua 16 de agosto','C','A');

 insert into veiculo values ('CPD1234','Prisma','Chevrolet',2009,'prata');
 insert into veiculo values ('TII1234','Prisma','Chevrolet',2009,'preto');
 insert into veiculo values ('CPD1235','Fusca','Wolksvagen',1988,'amarelo');
 insert into veiculo values ('CPD1236','Logan','Renault',2016,'cinza');
 insert into veiculo values ('ABC1234','Gol','Wolksvagen',2015,'vermelho');
 insert into veiculo values ('ZZZ1234','Gol','Wolksvagen',2016,'azul');
 insert into veiculo values ('ZZZ1235','Voyage','Wolksvagen',2000,'cinza');
 insert into veiculo values ('TOI0000','Celta','Chevrolet',2001,'branco');
 insert into veiculo values ('CAT1234','Prisma','Chevrolet',2010,'branco');
 insert into veiculo values ('ZUM1234','Prisma','Chevrolet',2009,'branco');
 
 insert into multa values (1,123456,'CPD1234','10/01/2016','grave',700,4);
 insert into multa values (2,123456,'CPD1234','31/01/2016','média',300,3);
 insert into multa values (3,123457,'TII1234','10/02/2016','gravíssima',1200,7);
 insert into multa values (4,123457,'TII1234','10/02/2016','grave',700,4);
 insert into multa values (5,123457,'CPD1235','10/02/2016','grave',700,4);
 insert into multa values (6,123458,'CPD1235','10/03/2016','grave',700,4);
 insert into multa values (7,123458,'CPD1234','10/03/2016','grave',700,4);
 insert into multa values (8,123459,'CPD1234','10/03/2016','gravíssima',1200,7);
 insert into multa values (9,123459,'CPD1234','10/04/2016','grave',700,4);
 insert into multa values (10,123459,'CPD1234','10/01/2015','grave',700,4);
 insert into multa values (11,123459,'CPD1234','10/01/2015','gravíssima',1200,7);
 insert into multa values (12,123459,'TII1234','10/01/2015','grave',700,4);
 insert into multa values (13,123459,'CPD1234','10/01/2014','gravíssima',1200,7);
 insert into multa values (14,123459,'TII1234','10/01/2014','grave',700,4);
 insert into multa values (15,123450,'TOI0000','10/01/2014','grave',700,4);
 insert into multa values (16,123450,'TOI0000','10/01/2014','gravíssima',1200,7);
 insert into multa values (17,123450,'TOI0000','10/01/2014','grave',700,4);
 insert into multa values (18,123450,'ZZZ1234','10/01/2014','grave',700,4);
 insert into multa values (19,123450,'ZZZ1234','10/01/2014','leve',200,1);
 insert into multa values (20,123450,'ZZZ1234','10/01/2014','leve',200,1);
 insert into multa values (21,123450,'ABC1234','10/01/2014','leve',200,1);
 insert into multa values (22,123450,'CAT1234','10/01/2014','leve',200,1);
 insert into multa values (23,123450,'CAT1234','10/01/2015','leve',200,1);
 insert into multa values (24,123450,'CAT1234','10/01/2015','grave',700,4);
